tvId,title,tvdbID,Network,tvdbRating,Action,Adventure,Animation,Children,Comedy,Crime,Documentary,Drama,Family,Fantasy,Food,Game Show,Home and Garden,Horror,Mini-Series,Mystery,News,Reality,Romance,Science-Fiction,Soap,Special Interest,Sport,Suspense,Talk Show,Thriller,Travel,Western
1,Doctor Who (2005),78804,BBC,9,0,0.333333333,0,0,0,0,0,0.333333333,0,0,0,0,0,0,0,0,0,0,0,0.333333333,0,0,0,0,0,0,0,0
2,Game of Thrones,121361,HBO,10,0,0.333333333,0,0,0,0,0,0.333333333,0,0.333333333,0,0,0,0,0,0,0,0,0,0,0,0,0,0,0,0,0,0
3,Sons of Anarchy,82696,FX,9,0,0,0,0,0,0.333333333,0,0.333333333,0,0,0,0,0,0,0,0,0,0,0,0,0,0,0,0,0,0.333333333,0,0
4,Bones,75682,FOX,9,0,0,0,0,0.333333333,0.333333333,0,0.333333333,0,0,0,0,0,0,0,0,0,0,0,0,0,0,0,0,0,0,0,0
5,Fringe,82066,FOX,9,0,0,0,0,0,0.2,0,0.2,0,0,0,0,0,0,0,0.2,0,0,0,0.2,0,0,0,0,0,0.2,0,0
6,The Walking Dead,153021,AMC,9,0.25,0,0,0,0,0,0,0.25,0,0,0,0,0,0.25,0,0,0,0,0,0,0,0,0,0.25,0,0,0,0
7,Mad Men,80337,AMC,9,0,0,0,0,0,0,0,1,0,0,0,0,0,0,0,0,0,0,0,0,0,0,0,0,0,0,0,0
8,Suits,247808,USA Network,9,0,0,0,0,0,0,0,1,0,0,0,0,0,0,0,0,0,0,0,0,0,0,0,0,0,0,0,0
9,House,73255,FOX,9,0,0,0,0,0,0,0,0.5,0,0,0,0,0,0,0,0.5,0,0,0,0,0,0,0,0,0,0,0,0
10,Lost,73739,ABC (US),9,0.25,0.25,0,0,0,0,0,0.25,0,0,0,0,0,0,0,0,0,0,0,0.25,0,0,0,0,0,0,0,0
11,Breaking Bad,81189,AMC,9,0,0,0,0,0,0.25,0,0.25,0,0,0,0,0,0,0,0,0,0,0,0,0,0,0,0.25,0,0.25,0,0
12,How I Met Your Mother,75760,CBS,9,0,0,0,0,0.333333333,0,0,0.333333333,0,0,0,0,0,0,0,0,0,0,0.333333333,0,0,0,0,0,0,0,0,0
13,Friday Night Lights,79337,NBC,9,0,0,0,0,0,0,0,0.5,0,0,0,0,0,0,0,0,0,0,0,0,0,0,0.5,0,0,0,0,0
14,Justified,134241,FX,9,0.333333333,0,0,0,0,0.333333333,0,0.333333333,0,0,0,0,0,0,0,0,0,0,0,0,0,0,0,0,0,0,0,0
15,Chuck,80348,NBC,9,0.25,0.25,0,0,0.25,0,0,0.25,0,0,0,0,0,0,0,0,0,0,0,0,0,0,0,0,0,0,0,0
16,The Big Bang Theory,80379,CBS,9,0,0,0,0,1,0,0,0,0,0,0,0,0,0,0,0,0,0,0,0,0,0,0,0,0,0,0,0
17,Castle (2009),83462,ABC (US),9,0,0,0,0,0.333333333,0.333333333,0,0.333333333,0,0,0,0,0,0,0,0,0,0,0,0,0,0,0,0,0,0,0,0
18,That '70s Show,73787,FOX,9,0,0,0,0,0.5,0,0,0,0.5,0,0,0,0,0,0,0,0,0,0,0,0,0,0,0,0,0,0,0
19,24,76290,FOX,9,0.25,0.25,0,0,0,0,0,0.25,0,0,0,0,0,0,0,0,0,0,0,0,0,0,0,0,0,0.25,0,0
20,Glee,83610,FOX,8,0,0,0,0,0.5,0,0,0.5,0,0,0,0,0,0,0,0,0,0,0,0,0,0,0,0,0,0,0,0
21,The X-Files,77398,FOX,9,0,0,0,0,0,0,0,0,0,0,0,0,0,0,0,0.5,0,0,0,0.5,0,0,0,0,0,0,0,0
22,The Office (US),73244,NBC,9,0,0,0,0,1,0,0,0,0,0,0,0,0,0,0,0,0,0,0,0,0,0,0,0,0,0,0,0
23,American Horror Story,250487,FX,8,0,0,0,0,0,0,0,0.333333333,0,0,0,0,0,0.333333333,0,0.333333333,0,0,0,0,0,0,0,0,0,0,0,0
24,Terminator: The Sarah Connor Chronicles,80344,FOX,8,0.333333333,0,0,0,0,0,0,0.333333333,0,0,0,0,0,0,0,0,0,0,0,0.333333333,0,0,0,0,0,0,0,0
25,The Simpsons,71663,FOX,9,0,0,0.333333333,0,0.333333333,0,0,0,0.333333333,0,0,0,0,0,0,0,0,0,0,0,0,0,0,0,0,0,0,0
26,Once Upon a Time (2011),248835,ABC (US),9,0,0.25,0,0,0,0,0,0.25,0,0.25,0,0,0,0,0,0,0,0,0.25,0,0,0,0,0,0,0,0,0
27,Prison Break,75340,FOX,9,0,0,0,0,0,0,0,1,0,0,0,0,0,0,0,0,0,0,0,0,0,0,0,0,0,0,0,0
28,Desperate Housewives,73800,ABC (US),8,0,0,0,0,0.333333333,0,0,0.333333333,0,0,0,0,0,0,0,0,0,0,0,0,0.333333333,0,0,0,0,0,0,0
29,Torchwood,79511,BBC,8,0.2,0.2,0,0,0,0.2,0,0.2,0,0,0,0,0,0,0,0,0,0,0,0.2,0,0,0,0,0,0,0,0
30,Entourage,74543,HBO,9,0,0,0,0,0.5,0,0,0.5,0,0,0,0,0,0,0,0,0,0,0,0,0,0,0,0,0,0,0,0
31,True Blood,82283,HBO,8,0,0,0,0,0,0,0,0.25,0,0.25,0,0,0,0.25,0,0.25,0,0,0,0,0,0,0,0,0,0,0,0
32,Pushing Daisies,80351,ABC (US),9,0,0,0,0,0.2,0,0,0.2,0,0.2,0,0,0,0,0,0.2,0,0,0.2,0,0,0,0,0,0,0,0,0
33,Scrubs,76156,ABC (US),9,0,0,0,0,1,0,0,0,0,0,0,0,0,0,0,0,0,0,0,0,0,0,0,0,0,0,0,0
34,Dollhouse,82046,FOX,8,0.2,0,0,0,0,0,0,0.2,0,0,0,0,0,0,0,0.2,0,0,0,0.2,0,0,0,0,0,0.2,0,0
35,White Collar,108611,USA Network,9,0,0.25,0,0,0.25,0.25,0,0.25,0,0,0,0,0,0,0,0,0,0,0,0,0,0,0,0,0,0,0,0
36,Grey's Anatomy,73762,ABC (US),8,0,0,0,0,0,0,0,0.5,0,0,0,0,0,0,0,0,0,0,0.5,0,0,0,0,0,0,0,0,0
37,Sherlock,176941,BBC,9,0,0.2,0,0,0,0.2,0,0.2,0,0,0,0,0,0,0,0.2,0,0,0,0,0,0,0,0,0,0.2,0,0
38,Spooks,78890,BBC,9,0,0,0,0,0,0,0,0.5,0,0,0,0,0,0,0,0,0,0,0,0,0,0,0,0,0,0.5,0,0
39,Modern Family,95011,ABC (US),9,0,0,0,0,1,0,0,0,0,0,0,0,0,0,0,0,0,0,0,0,0,0,0,0,0,0,0,0
40,Hannibal,259063,NBC,9,0,0,0,0,0,0.333333333,0,0.333333333,0,0,0,0,0,0.333333333,0,0,0,0,0,0,0,0,0,0,0,0,0,0
41,Legend of the Seeker,82672,ABC (US),8,0.333333333,0.333333333,0,0,0,0,0,0,0,0.333333333,0,0,0,0,0,0,0,0,0,0,0,0,0,0,0,0,0,0
42,Band of Brothers,74205,HBO,9,0.25,0.25,0,0,0,0,0,0.25,0,0,0,0,0,0,0.25,0,0,0,0,0,0,0,0,0,0,0,0,0
43,Charlie's Angels,77170,ABC (US),7,0.5,0.5,0,0,0,0,0,0,0,0,0,0,0,0,0,0,0,0,0,0,0,0,0,0,0,0,0,0
44,New Girl,248682,FOX,8,0,0,0,0,1,0,0,0,0,0,0,0,0,0,0,0,0,0,0,0,0,0,0,0,0,0,0,0
45,ER,70761,NBC,8,0,0,0,0,0,0,0,1,0,0,0,0,0,0,0,0,0,0,0,0,0,0,0,0,0,0,0,0
46,Nip/Tuck,72201,FX,8,0,0,0,0,0,0,0,1,0,0,0,0,0,0,0,0,0,0,0,0,0,0,0,0,0,0,0,0
47,Top Gear,74608,BBC,10,0,0,0,0,0.2,0,0.2,0,0,0,0,0,0,0,0,0,0,0.2,0,0,0,0.2,0,0,0.2,0,0,0
48,Red Dwarf,71326,BBC,9,0,0,0,0,0.5,0,0,0,0,0,0,0,0,0,0,0,0,0,0,0.5,0,0,0,0,0,0,0,0
49,Blackadder,76736,BBC,9,0,0,0,0,1,0,0,0,0,0,0,0,0,0,0,0,0,0,0,0,0,0,0,0,0,0,0,0
50,It's Always Sunny in Philadelphia,75805,FX,9,0,0,0,0,1,0,0,0,0,0,0,0,0,0,0,0,0,0,0,0,0,0,0,0,0,0,0,0
51,Burn Notice,80270,USA Network,9,0.2,0.2,0,0,0,0.2,0,0.2,0,0,0,0,0,0,0,0,0,0,0,0,0,0,0,0,0,0.2,0,0
52,Lois & Clark - The New Adventures of Superman,72468,ABC (US),8,0.333333333,0.333333333,0,0,0,0,0,0,0,0,0,0,0,0,0,0,0,0,0,0.333333333,0,0,0,0,0,0,0,0
53,Heroes,79501,NBC,8,0,0,0,0,0,0,0,0.25,0,0.25,0,0,0,0,0,0,0,0,0,0.25,0,0,0,0,0,0.25,0,0
54,Merlin,83123,BBC,8,0.25,0.25,0,0,0,0,0,0.25,0,0.25,0,0,0,0,0,0,0,0,0,0,0,0,0,0,0,0,0,0
55,Orphan Black,260315,BBC,9,0.333333333,0,0,0,0,0,0,0,0,0,0,0,0,0,0,0,0,0,0,0.333333333,0,0,0,0,0,0.333333333,0,0
56,Doctor Who,76107,BBC,9,0.333333333,0.333333333,0,0,0,0,0,0,0,0,0,0,0,0,0,0,0,0,0,0.333333333,0,0,0,0,0,0,0,0
57,NCIS,72108,CBS,9,0.25,0.25,0,0,0,0.25,0,0.25,0,0,0,0,0,0,0,0,0,0,0,0,0,0,0,0,0,0,0,0
58,Ashes to Ashes,81253,BBC,8,0.333333333,0.333333333,0,0,0,0,0,0.333333333,0,0,0,0,0,0,0,0,0,0,0,0,0,0,0,0,0,0,0,0
59,American Idol,70814,FOX,7,0,0,0,0,0,0,0,0,0,0,0,0,0,0,0,0,0,1,0,0,0,0,0,0,0,0,0,0
60,Luther,159591,BBC,9,0,0,0,0,0,0.333333333,0,0.333333333,0,0,0,0,0,0,0,0,0,0,0,0,0,0,0,0.333333333,0,0,0,0
61,Family Guy,75978,FOX,9,0,0,0.5,0,0.5,0,0,0,0,0,0,0,0,0,0,0,0,0,0,0,0,0,0,0,0,0,0,0
62,Psych,79335,USA Network,9,0,0,0,0,0.333333333,0.333333333,0,0.333333333,0,0,0,0,0,0,0,0,0,0,0,0,0,0,0,0,0,0,0,0
63,The Blacklist,266189,NBC,9,0.25,0,0,0,0,0.25,0,0.25,0,0,0,0,0,0,0,0.25,0,0,0,0,0,0,0,0,0,0,0,0
64,The Good Wife,95451,CBS,9,0,0,0,0,0,0.333333333,0,0.333333333,0,0,0,0,0,0,0,0.333333333,0,0,0,0,0,0,0,0,0,0,0,0
65,Elementary,255316,CBS,8,0,0,0,0,0,0.333333333,0,0.333333333,0,0,0,0,0,0,0,0.333333333,0,0,0,0,0,0,0,0,0,0,0,0
66,The Strain,276564,FX,8,0,0,0,0,0,0,0,0.5,0,0,0,0,0,0.5,0,0,0,0,0,0,0,0,0,0,0,0,0,0
67,30 Rock,79488,NBC,9,0,0,0,0,1,0,0,0,0,0,0,0,0,0,0,0,0,0,0,0,0,0,0,0,0,0,0,0
68,Horizon,74379,BBC,9,0,0,0,0,0,0,1,0,0,0,0,0,0,0,0,0,0,0,0,0,0,0,0,0,0,0,0,0
69,Friends,79168,NBC,9,0,0,0,0,1,0,0,0,0,0,0,0,0,0,0,0,0,0,0,0,0,0,0,0,0,0,0,0
70,Two and a Half Men,72227,CBS,8,0,0,0,0,1,0,0,0,0,0,0,0,0,0,0,0,0,0,0,0,0,0,0,0,0,0,0,0
71,Ghost Whisperer,78817,CBS,8,0,0,0,0,0,0,0,0.5,0,0.5,0,0,0,0,0,0,0,0,0,0,0,0,0,0,0,0,0,0
72,North & South,79321,BBC,9,0,0,0,0,0,0,0,0.5,0,0,0,0,0,0,0.5,0,0,0,0,0,0,0,0,0,0,0,0,0
73,Moonlight,80512,CBS,9,0,0,0,0,0,0,0,0.333333333,0,0.333333333,0,0,0,0.333333333,0,0,0,0,0,0,0,0,0,0,0,0,0,0
74,CSI: Crime Scene Investigation,72546,CBS,8,0,0,0,0,0,0.5,0,0.5,0,0,0,0,0,0,0,0,0,0,0,0,0,0,0,0,0,0,0,0
75,Star Trek,77526,NBC,8,0.25,0.25,0,0,0,0,0,0.25,0,0,0,0,0,0,0,0,0,0,0,0.25,0,0,0,0,0,0,0,0
76,Person of Interest,248742,CBS,9,0.2,0.2,0,0,0,0,0,0.2,0,0,0,0,0,0,0,0.2,0,0,0,0,0,0,0,0,0,0.2,0,0
77,Hell on Wheels,212961,AMC,9,0.25,0.25,0,0,0,0,0,0.25,0,0,0,0,0,0,0,0,0,0,0,0,0,0,0,0,0,0,0,0.25
78,The Americans (2013),261690,FX,9,0,0,0,0,0,0.25,0,0.25,0,0,0,0,0,0,0,0.25,0,0,0,0,0,0,0,0,0,0.25,0,0
79,Marvel's Daredevil,281662,Netflix,9,0.333333333,0,0,0,0,0.333333333,0,0.333333333,0,0,0,0,0,0,0,0,0,0,0,0,0,0,0,0,0,0,0,0
80,The Mentalist,82459,CBS,9,0,0,0,0,0,0.333333333,0,0.333333333,0,0,0,0,0,0,0,0.333333333,0,0,0,0,0,0,0,0,0,0,0,0
81,The Thick of It,79843,BBC,9,0,0,0,0,1,0,0,0,0,0,0,0,0,0,0,0,0,0,0,0,0,0,0,0,0,0,0,0
82,Only Fools and Horses,75628,BBC,9,0,0,0,0,1,0,0,0,0,0,0,0,0,0,0,0,0,0,0,0,0,0,0,0,0,0,0,0
83,Monk,78490,USA Network,9,0,0,0,0,0.333333333,0.333333333,0,0.333333333,0,0,0,0,0,0,0,0,0,0,0,0,0,0,0,0,0,0,0,0
84,Grimm,248736,NBC,8,0.166666667,0,0,0,0,0.166666667,0,0.166666667,0,0.166666667,0,0,0,0.166666667,0,0,0,0,0,0,0,0,0,0.166666667,0,0,0,0
85,The Wire,79126,HBO,9,0,0,0,0,0,0.5,0,0.5,0,0,0,0,0,0,0,0,0,0,0,0,0,0,0,0,0,0,0,0
86,Marvel's Agent Carter,281485,ABC (US),9,0.25,0,0,0,0,0,0,0.25,0,0,0,0,0,0,0,0,0,0,0,0.25,0,0,0,0,0,0.25,0,0
87,Pride and Prejudice (1995),71691,BBC,9,0,0,0,0,0,0,0,0.5,0,0,0,0,0,0,0.5,0,0,0,0,0,0,0,0,0,0,0,0,0
88,House of Cards (US),262980,Netflix,9,0,0,0,0,0,0,0,1,0,0,0,0,0,0,0,0,0,0,0,0,0,0,0,0,0,0,0,0
89,Marvel's Agents of S.H.I.E.L.D.,263365,ABC (US),8,0.2,0.2,0,0,0,0,0,0.2,0,0.2,0,0,0,0,0,0,0,0,0,0.2,0,0,0,0,0,0,0,0
90,Sex and the City,76648,HBO,7,0,0,0,0,1,0,0,0,0,0,0,0,0,0,0,0,0,0,0,0,0,0,0,0,0,0,0,0
91,Better Call Saul,273181,AMC,9,0,0,0,0,0.333333333,0.333333333,0,0.333333333,0,0,0,0,0,0,0,0,0,0,0,0,0,0,0,0,0,0,0,0
92,Lie to Me,83602,FOX,8,0,0,0,0,0,0.5,0,0.5,0,0,0,0,0,0,0,0,0,0,0,0,0,0,0,0,0,0,0,0
93,The O.C.,72164,FOX,8,0,0,0,0,0,0,0,1,0,0,0,0,0,0,0,0,0,0,0,0,0,0,0,0,0,0,0,0
94,Seinfeld,79169,NBC,9,0,0,0,0,1,0,0,0,0,0,0,0,0,0,0,0,0,0,0,0,0,0,0,0,0,0,0,0
95,Chicago Fire,258541,NBC,9,0.5,0,0,0,0,0,0,0.5,0,0,0,0,0,0,0,0,0,0,0,0,0,0,0,0,0,0,0,0
96,The Killing (2011),210171,Netflix,9,0,0,0,0,0,0.25,0,0.25,0,0,0,0,0,0,0,0.25,0,0,0,0,0,0,0,0,0,0.25,0,0
97,Archer (2009),110381,FX,9,0.25,0.25,0.25,0,0.25,0,0,0,0,0,0,0,0,0,0,0,0,0,0,0,0,0,0,0,0,0,0,0
98,Robin Hood,79479,BBC,8,0.333333333,0.333333333,0,0,0,0,0,0.333333333,0,0,0,0,0,0,0,0,0,0,0,0,0,0,0,0,0,0,0,0
99,NCIS: Los Angeles,95441,CBS,8,0.25,0.25,0,0,0,0.25,0,0.25,0,0,0,0,0,0,0,0,0,0,0,0,0,0,0,0,0,0,0,0
100,The A Word,308680,BBC,10,0,0,0,0,0,0,0,1,0,0,0,0,0,0,0,0,0,0,0,0,0,0,0,0,0,0,0,0
101,Private Practice,80542,ABC (US),8,0,0,0,0,0,0,0,1,0,0,0,0,0,0,0,0,0,0,0,0,0,0,0,0,0,0,0,0
102,Damages,80367,FX,8,0,0,0,0,0,0.25,0,0.25,0,0,0,0,0,0,0,0.25,0,0,0,0,0,0,0,0,0,0.25,0,0
103,Medium,73265,CBS,8,0,0,0,0,0,0,0,0.5,0,0.5,0,0,0,0,0,0,0,0,0,0,0,0,0,0,0,0,0,0
104,Orange Is the New Black,264586,Netflix,9,0,0,0,0,0.333333333,0.333333333,0,0.333333333,0,0,0,0,0,0,0,0,0,0,0,0,0,0,0,0,0,0,0,0
105,Life (2007),80352,NBC,9,0,0,0,0,0,0,0,1,0,0,0,0,0,0,0,0,0,0,0,0,0,0,0,0,0,0,0,0
106,Louie (2010),155201,FX,9,0,0,0,0,1,0,0,0,0,0,0,0,0,0,0,0,0,0,0,0,0,0,0,0,0,0,0,0
107,The Voice,247824,NBC,8,0,0,0,0,0,0,0,0,0,0,0,0,0,0,0,0,0,1,0,0,0,0,0,0,0,0,0,0
108,My Name Is Earl,75397,NBC,8,0,0,0,0,1,0,0,0,0,0,0,0,0,0,0,0,0,0,0,0,0,0,0,0,0,0,0,0
109,Wilfred (US),239761,FX,8,0,0,0,0,0.333333333,0,0,0.333333333,0,0.333333333,0,0,0,0,0,0,0,0,0,0,0,0,0,0,0,0,0,0
110,Parks and Recreation,84912,NBC,9,0,0,0,0,1,0,0,0,0,0,0,0,0,0,0,0,0,0,0,0,0,0,0,0,0,0,0,0
111,Planet Earth,79257,BBC,9,0,0,0,0,0,0,1,0,0,0,0,0,0,0,0,0,0,0,0,0,0,0,0,0,0,0,0,0
112,2 Broke Girls,248741,CBS,8,0,0,0,0,1,0,0,0,0,0,0,0,0,0,0,0,0,0,0,0,0,0,0,0,0,0,0,0
113,V (2009),94971,ABC (US),8,0,0,0,0,0,0,0,0.333333333,0,0,0,0,0,0,0,0,0,0,0,0.333333333,0,0,0,0,0,0.333333333,0,0
114,Raising Hope,164021,FOX,8,0,0,0,0,1,0,0,0,0,0,0,0,0,0,0,0,0,0,0,0,0,0,0,0,0,0,0,0
115,CHiPs,78270,NBC,9,0.5,0.5,0,0,0,0,0,0,0,0,0,0,0,0,0,0,0,0,0,0,0,0,0,0,0,0,0,0
116,Deadwood,72023,HBO,9,0,0,0,0,0,0.333333333,0,0.333333333,0,0,0,0,0,0,0,0,0,0,0,0,0,0,0,0,0,0,0,0.333333333
117,Alias,75930,ABC (US),8,0.25,0.25,0,0,0,0,0,0.25,0,0,0,0,0,0,0,0.25,0,0,0,0,0,0,0,0,0,0,0,0
118,The League,114701,FX,8,0,0,0,0,1,0,0,0,0,0,0,0,0,0,0,0,0,0,0,0,0,0,0,0,0,0,0,0
119,The Victoria's Secret Fashion Show,79619,CBS,9,0,0,0,0,0,0,0,0,0,0,0,0,0,0,0,0,0,0,0,0,0,1,0,0,0,0,0,0
120,The Shield,78261,FX,9,0,0,0,0,0,0.333333333,0,0.333333333,0,0,0,0,0,0,0,0,0,0,0,0,0,0,0,0,0,0.333333333,0,0
121,Galapagos,80688,BBC,9,0,0,0,0,0,0,1,0,0,0,0,0,0,0,0,0,0,0,0,0,0,0,0,0,0,0,0,0
122,Criminal Minds,75710,CBS,9,0,0,0,0,0,0.2,0,0.2,0,0,0,0,0,0,0,0.2,0,0,0,0,0,0,0,0.2,0,0.2,0,0
123,Sleepy Hollow,269578,FOX,8,0,0,0,0,0,0,0,0.333333333,0,0.333333333,0,0,0,0.333333333,0,0,0,0,0,0,0,0,0,0,0,0,0,0
124,Bewitched,71528,ABC (US),8,0,0,0,0,0.5,0,0,0,0,0.5,0,0,0,0,0,0,0,0,0,0,0,0,0,0,0,0,0,0
125,Saturday Night Live,76177,NBC,8,0,0,0,0,1,0,0,0,0,0,0,0,0,0,0,0,0,0,0,0,0,0,0,0,0,0,0,0
126,Gotham,274431,FOX,8,0.2,0,0,0,0,0.2,0,0.2,0,0,0,0,0,0,0,0,0,0,0,0.2,0,0,0,0,0,0.2,0,0
127,Coupling,78131,BBC,9,0,0,0,0,1,0,0,0,0,0,0,0,0,0,0,0,0,0,0,0,0,0,0,0,0,0,0,0
128,Looney Tunes,72514,ABC (US),9,0,0,0.333333333,0,0.333333333,0,0,0,0.333333333,0,0,0,0,0,0,0,0,0,0,0,0,0,0,0,0,0,0,0
129,Fear the Walking Dead,290853,AMC,8,0,0,0,0,0,0,0,0.5,0,0,0,0,0,0.5,0,0,0,0,0,0,0,0,0,0,0,0,0,0
130,Scandal (2012),248841,ABC (US),8,0,0,0,0,0,0.25,0,0.25,0,0,0,0,0,0,0,0,0,0,0.25,0,0.25,0,0,0,0,0,0,0
131,Batman,77871,ABC (US),8,0.25,0.25,0,0,0,0,0,0,0,0.25,0,0,0,0,0,0,0,0,0,0.25,0,0,0,0,0,0,0,0
132,Full House,70500,ABC (US),8,0,0,0,0,0.5,0,0,0,0.5,0,0,0,0,0,0,0,0,0,0,0,0,0,0,0,0,0,0,0
133,Blindspot,295647,NBC,8,0.2,0,0,0,0,0.2,0,0.2,0,0,0,0,0,0,0,0.2,0,0,0,0,0,0,0,0,0,0.2,0,0
134,Silent Witness,76355,BBC,8,0,0,0,0,0,0.5,0,0.5,0,0,0,0,0,0,0,0,0,0,0,0,0,0,0,0,0,0,0,0
135,The Royle Family,75624,BBC,9,0,0,0,0,1,0,0,0,0,0,0,0,0,0,0,0,0,0,0,0,0,0,0,0,0,0,0,0
136,The Twilight Zone,73587,CBS,9,0,0,0,0,0,0,0,0,0,0.333333333,0,0,0,0,0,0,0,0,0,0.333333333,0,0,0,0.333333333,0,0,0,0
137,Arrested Development,72173,Netflix,9,0,0,0,0,1,0,0,0,0,0,0,0,0,0,0,0,0,0,0,0,0,0,0,0,0,0,0,0
138,Alaska: Earth's Frozen Kingdom,291666,BBC,9,0,0,0,0,0,0,0.333333333,0,0,0,0,0,0,0,0.333333333,0,0,0,0,0,0,0.333333333,0,0,0,0,0,0
139,True Detective,270633,HBO,9,0,0,0,0,0,0.333333333,0,0.333333333,0,0,0,0,0,0,0,0.333333333,0,0,0,0,0,0,0,0,0,0,0,0
140,The Nanny,75675,CBS,8,0,0,0,0,1,0,0,0,0,0,0,0,0,0,0,0,0,0,0,0,0,0,0,0,0,0,0,0
141,FlashForward,84024,ABC (US),8,0,0,0,0,0,0,0,0.5,0,0,0,0,0,0,0,0,0,0,0,0.5,0,0,0,0,0,0,0,0
142,New Tricks,78823,BBC,8,0,0,0,0,0.333333333,0.333333333,0,0.333333333,0,0,0,0,0,0,0,0,0,0,0,0,0,0,0,0,0,0,0,0
143,Hawaii Five-0,164541,CBS,8,0,0,0,0,0,1,0,0,0,0,0,0,0,0,0,0,0,0,0,0,0,0,0,0,0,0,0,0
144,The Musketeers,269159,BBC,8,0,0.5,0,0,0,0,0,0.5,0,0,0,0,0,0,0,0,0,0,0,0,0,0,0,0,0,0,0,0
145,The Golden Girls,71292,NBC,9,0,0,0,0,1,0,0,0,0,0,0,0,0,0,0,0,0,0,0,0,0,0,0,0,0,0,0,0
146,Tom and Jerry,72860,CBS,9,0,0,0.333333333,0.333333333,0.333333333,0,0,0,0,0,0,0,0,0,0,0,0,0,0,0,0,0,0,0,0,0,0,0
147,Fargo,269613,FX,9,0,0,0,0,0,0.333333333,0,0.333333333,0,0,0,0,0,0,0,0,0,0,0,0,0,0,0,0,0,0.333333333,0,0
148,Life on Mars,79177,BBC,9,0,0,0,0,0,0,0,0.5,0,0,0,0,0,0,0,0,0,0,0,0.5,0,0,0,0,0,0,0,0
149,Call the Midwife,255192,BBC,9,0,0,0,0,0,0,0,1,0,0,0,0,0,0,0,0,0,0,0,0,0,0,0,0,0,0,0,0
150,Married ... with Children,76385,FOX,9,0,0,0,0,1,0,0,0,0,0,0,0,0,0,0,0,0,0,0,0,0,0,0,0,0,0,0,0
151,The Following,258744,FOX,8,0,0,0,0,0,0.333333333,0,0.333333333,0,0,0,0,0,0,0,0,0,0,0,0,0,0,0,0,0,0.333333333,0,0
152,Dark Angel,76148,FOX,8,0.333333333,0.333333333,0,0,0,0,0,0,0,0,0,0,0,0,0,0,0,0,0,0.333333333,0,0,0,0,0,0,0,0
153,Heroes Reborn,279201,NBC,7,0,0,0,0,0,0,0,0,0,0.333333333,0,0,0,0,0.333333333,0,0,0,0,0.333333333,0,0,0,0,0,0,0,0
154,Wonder Woman,71228,CBS,7,0.333333333,0.333333333,0,0,0,0,0,0,0,0.333333333,0,0,0,0,0,0,0,0,0,0,0,0,0,0,0,0,0,0
155,Poldark (2015),280582,BBC,7,0,0,0,0,0,0,0,1,0,0,0,0,0,0,0,0,0,0,0,0,0,0,0,0,0,0,0,0
156,BoJack Horseman,282254,Netflix,9,0,0,0.333333333,0,0.333333333,0,0,0.333333333,0,0,0,0,0,0,0,0,0,0,0,0,0,0,0,0,0,0,0,0
157,The Pacific,85539,HBO,9,0,0,0,0,0,0,0,0.5,0,0,0,0,0,0,0.5,0,0,0,0,0,0,0,0,0,0,0,0,0
158,Boardwalk Empire,84947,HBO,9,0,0,0,0,0,0.5,0,0.5,0,0,0,0,0,0,0,0,0,0,0,0,0,0,0,0,0,0,0,0
159,Human Target (2010),94801,FOX,8,0.5,0,0,0,0,0,0,0.5,0,0,0,0,0,0,0,0,0,0,0,0,0,0,0,0,0,0,0,0
160,Shaun the Sheep,79890,BBC,9,0,0,0.333333333,0.333333333,0.333333333,0,0,0,0,0,0,0,0,0,0,0,0,0,0,0,0,0,0,0,0,0,0,0
161,Knight Rider (2008),81318,NBC,8,0.2,0.2,0,0,0,0,0,0.2,0,0,0,0,0,0,0,0.2,0,0,0,0,0,0,0,0,0,0.2,0,0
162,La Femme Nikita,78527,USA Network,8,0.5,0.5,0,0,0,0,0,0,0,0,0,0,0,0,0,0,0,0,0,0,0,0,0,0,0,0,0,0
163,The Night Manager,290508,BBC,8,0.25,0,0,0,0,0,0,0.25,0,0,0,0,0,0,0.25,0,0,0,0,0,0,0,0,0,0,0.25,0,0
164,Hotel Babylon,79260,BBC,8,0,0,0,0,0.5,0,0,0.5,0,0,0,0,0,0,0,0,0,0,0,0,0,0,0,0,0,0,0,0
165,Batman: The Animated Series,76168,FOX,9,0.142857143,0.142857143,0.142857143,0.142857143,0,0.142857143,0,0,0.142857143,0,0,0,0,0,0,0,0,0,0,0,0,0,0,0,0,0.142857143,0,0
166,Firefly,78874,FOX,9,0,0,0,0,0,0,0,0.5,0,0,0,0,0,0,0,0,0,0,0,0.5,0,0,0,0,0,0,0,0
167,Law & Order: Criminal Intent,71489,USA Network,8,0,0,0,0,0,0,0,1,0,0,0,0,0,0,0,0,0,0,0,0,0,0,0,0,0,0,0,0
168,Preacher,300472,AMC,9,0,0.25,0,0,0,0,0,0.25,0,0.25,0,0,0,0.25,0,0,0,0,0,0,0,0,0,0,0,0,0,0
169,Mr. Robot,289590,USA Network,9,0,0,0,0,0,0.333333333,0,0.333333333,0,0,0,0,0,0,0,0,0,0,0,0,0,0,0,0,0,0.333333333,0,0
170,Survivor,76733,CBS,8,0,0,0,0,0,0,0,0,0,0,0,0,0,0,0,0,0,1,0,0,0,0,0,0,0,0,0,0
171,Hemlock Grove,259948,Netflix,7,0,0,0,0,0,0,0,0,0,0,0,0,0,0.25,0,0.25,0,0,0,0.25,0,0,0,0,0,0.25,0,0
172,Girls,220411,HBO,7,0,0,0,0,0.5,0,0,0.5,0,0,0,0,0,0,0,0,0,0,0,0,0,0,0,0,0,0,0,0
173,Animaniacs,72879,FOX,10,0,0,0.5,0.5,0,0,0,0,0,0,0,0,0,0,0,0,0,0,0,0,0,0,0,0,0,0,0,0
174,Law & Order: Special Victims Unit,75692,NBC,8,0,0,0,0,0,0.5,0,0.5,0,0,0,0,0,0,0,0,0,0,0,0,0,0,0,0,0,0,0,0
175,The Middle,95021,ABC (US),8,0,0,0,0,1,0,0,0,0,0,0,0,0,0,0,0,0,0,0,0,0,0,0,0,0,0,0,0
176,Inside No. 9,276840,BBC,8,0,0,0,0,1,0,0,0,0,0,0,0,0,0,0,0,0,0,0,0,0,0,0,0,0,0,0,0
177,Revenge,248837,ABC (US),8,0,0,0,0,0,0,0,0.333333333,0,0,0,0,0,0,0,0.333333333,0,0,0,0,0,0,0,0,0,0.333333333,0,0
178,Mistresses (US),259054,ABC (US),8,0,0,0,0,0,0,0,0.333333333,0,0,0,0,0,0,0,0,0,0,0.333333333,0,0,0,0,0,0,0.333333333,0,0
179,Cold Case,72167,CBS,8,0,0,0,0,0,0.5,0,0.5,0,0,0,0,0,0,0,0,0,0,0,0,0,0,0,0,0,0,0,0
180,Marco Polo (2014),266091,Netflix,8,0.25,0.25,0,0,0,0,0,0.25,0,0.25,0,0,0,0,0,0,0,0,0,0,0,0,0,0,0,0,0,0
181,Chicago P.D.,269641,NBC,8,0,0,0,0,0,0.5,0,0.5,0,0,0,0,0,0,0,0,0,0,0,0,0,0,0,0,0,0,0,0
182,American Crime Story,289108,FX,9,0,0,0,0,0,0.142857143,0,0.142857143,0,0,0,0,0,0.142857143,0.142857143,0.142857143,0,0,0,0,0,0,0,0.142857143,0,0.142857143,0,0
183,The Unit,75707,CBS,9,0.333333333,0,0,0,0,0,0,0.333333333,0,0,0,0,0,0,0,0,0,0,0,0,0,0,0,0,0,0.333333333,0,0
184,Last Man Standing (2011),248834,ABC (US),9,0,0,0,0,1,0,0,0,0,0,0,0,0,0,0,0,0,0,0,0,0,0,0,0,0,0,0,0
185,Grace and Frankie,282562,Netflix,9,0,0,0,0,1,0,0,0,0,0,0,0,0,0,0,0,0,0,0,0,0,0,0,0,0,0,0,0
186,Better Off Ted,84021,ABC (US),9,0,0,0,0,1,0,0,0,0,0,0,0,0,0,0,0,0,0,0,0,0,0,0,0,0,0,0,0
187,Two Guys and a Girl,73178,ABC (US),9,0,0,0,0,1,0,0,0,0,0,0,0,0,0,0,0,0,0,0,0,0,0,0,0,0,0,0,0
188,Twin Peaks,70533,ABC (US),9,0,0,0,0,0,0,0,0.333333333,0,0,0,0,0,0.333333333,0,0.333333333,0,0,0,0,0,0,0,0,0,0,0,0
189,Dancing with the Stars,79590,ABC (US),5,0,0,0,0,0,0,0,0,0,0,0,0,0,0,0,0,0,1,0,0,0,0,0,0,0,0,0,0
190,America's Got Talent,79490,NBC,7,0,0,0,0,0,0,0,0,0,0,0,0,0,0,0,0,0,1,0,0,0,0,0,0,0,0,0,0
191,War and Peace (2016),299408,BBC,8,0,0,0,0,0,0,0,0.5,0,0,0,0,0,0,0.5,0,0,0,0,0,0,0,0,0,0,0,0,0
192,Moonlighting,75078,ABC (US),8,0,0,0,0,1,0,0,0,0,0,0,0,0,0,0,0,0,0,0,0,0,0,0,0,0,0,0,0
193,The Leftovers,269689,HBO,8,0,0,0,0,0,0,0,0.333333333,0,0.333333333,0,0,0,0,0,0.333333333,0,0,0,0,0,0,0,0,0,0,0,0
194,Everybody Loves Raymond,73663,CBS,8,0,0,0,0,1,0,0,0,0,0,0,0,0,0,0,0,0,0,0,0,0,0,0,0,0,0,0,0
195,Marvel's Jessica Jones,284190,Netflix,8,0.25,0,0,0,0,0.25,0,0.25,0,0,0,0,0,0,0,0,0,0,0,0,0,0,0,0,0,0.25,0,0
196,The Office,78107,BBC,9,0,0,0,0,1,0,0,0,0,0,0,0,0,0,0,0,0,0,0,0,0,0,0,0,0,0,0,0
197,Rescue Me,73741,FX,9,0,0,0,0,0.5,0,0,0.5,0,0,0,0,0,0,0,0,0,0,0,0,0,0,0,0,0,0,0,0
198,Hustle,73028,BBC,9,0,0,0,0,0.5,0,0,0.5,0,0,0,0,0,0,0,0,0,0,0,0,0,0,0,0,0,0,0,0
199,Secrets of Our Living Planet,259911,BBC,9,0,0,0,0,0,0,1,0,0,0,0,0,0,0,0,0,0,0,0,0,0,0,0,0,0,0,0,0
200,Spider-Man (1994),73750,FOX,9,0.333333333,0.333333333,0.333333333,0,0,0,0,0,0,0,0,0,0,0,0,0,0,0,0,0,0,0,0,0,0,0,0,0
201,Life (2009),118421,BBC,9,0,0,0,0,0,0,1,0,0,0,0,0,0,0,0,0,0,0,0,0,0,0,0,0,0,0,0,0
202,The Wonder of Animals,284703,BBC,9,0,0,0,0,0,0,1,0,0,0,0,0,0,0,0,0,0,0,0,0,0,0,0,0,0,0,0,0
203,Atlantis (2013),248596,BBC,7,0,0.333333333,0,0,0,0,0,0.333333333,0,0.333333333,0,0,0,0,0,0,0,0,0,0,0,0,0,0,0,0,0,0
204,The West Wing,72521,NBC,9,0,0,0,0,0,0,0,1,0,0,0,0,0,0,0,0,0,0,0,0,0,0,0,0,0,0,0,0
205,Will & Grace,71814,NBC,9,0,0,0,0,1,0,0,0,0,0,0,0,0,0,0,0,0,0,0,0,0,0,0,0,0,0,0,0
206,Peaky Blinders,270915,BBC,9,0,0,0,0,0,0.5,0,0.5,0,0,0,0,0,0,0,0,0,0,0,0,0,0,0,0,0,0,0,0
207,Dragons,261202,Netflix,9,0,0.25,0.25,0.25,0.25,0,0,0,0,0,0,0,0,0,0,0,0,0,0,0,0,0,0,0,0,0,0,0
208,8 Simple Rules,78461,ABC (US),9,0,0,0,0,1,0,0,0,0,0,0,0,0,0,0,0,0,0,0,0,0,0,0,0,0,0,0,0
209,Necessary Roughness,247809,USA Network,8,0,0,0,0,0.5,0,0,0.5,0,0,0,0,0,0,0,0,0,0,0,0,0,0,0,0,0,0,0,0
210,Brooklyn Nine-Nine,269586,FOX,8,0.333333333,0,0,0,0.333333333,0.333333333,0,0,0,0,0,0,0,0,0,0,0,0,0,0,0,0,0,0,0,0,0,0
211,Drive,79871,FOX,8,0.5,0.5,0,0,0,0,0,0,0,0,0,0,0,0,0,0,0,0,0,0,0,0,0,0,0,0,0,0
212,You're the Worst,281776,FX,8,0,0,0,0,0.5,0,0,0.5,0,0,0,0,0,0,0,0,0,0,0,0,0,0,0,0,0,0,0,0
213,Back to You,80426,FOX,8,0,0,0,0,1,0,0,0,0,0,0,0,0,0,0,0,0,0,0,0,0,0,0,0,0,0,0,0
214,Bionic Woman,80370,NBC,6,0.25,0.25,0,0,0,0,0,0,0,0,0,0,0,0,0,0,0,0,0,0.25,0,0,0,0,0,0.25,0,0
215,TURN: Washington's Spies,272135,AMC,8,0,0.5,0,0,0,0,0,0.5,0,0,0,0,0,0,0,0,0,0,0,0,0,0,0,0,0,0,0,0
216,So You Think You Can Dance,78956,FOX,8,0,0,0,0,0,0,0,0,0,0,0,0,0,0,0,0,0,1,0,0,0,0,0,0,0,0,0,0
217,Miami Vice,77098,NBC,8,0,0,0,0,0,0,0,1,0,0,0,0,0,0,0,0,0,0,0,0,0,0,0,0,0,0,0,0
218,I Dream of Jeannie,77388,NBC,8,0,0,0,0,0.5,0,0,0,0,0.5,0,0,0,0,0,0,0,0,0,0,0,0,0,0,0,0,0,0
219,Smash (2012),248789,NBC,8,0,0,0,0,0,0,0,1,0,0,0,0,0,0,0,0,0,0,0,0,0,0,0,0,0,0,0,0
220,Covert Affairs,104281,USA Network,8,0.166666667,0.166666667,0,0,0,0.166666667,0,0.166666667,0,0,0,0,0,0,0,0,0,0,0,0,0,0,0,0.166666667,0,0.166666667,0,0
221,Don't Trust the B---- in Apartment 23,248812,ABC (US),8,0,0,0,0,1,0,0,0,0,0,0,0,0,0,0,0,0,0,0,0,0,0,0,0,0,0,0,0
222,The Sarah Jane Adventures,79708,BBC,8,0.25,0.25,0,0.25,0,0,0,0,0,0,0,0,0,0,0,0,0,0,0,0.25,0,0,0,0,0,0,0,0
223,Being Human,81386,BBC,8,0,0,0,0,0,0,0,0.333333333,0,0.333333333,0,0,0,0.333333333,0,0,0,0,0,0,0,0,0,0,0,0,0,0
224,CSI: NY,73696,CBS,8,0,0,0,0,0,0.5,0,0.5,0,0,0,0,0,0,0,0,0,0,0,0,0,0,0,0,0,0,0,0
225,Trailer Park Boys,70566,Netflix,10,0,0,0,0,1,0,0,0,0,0,0,0,0,0,0,0,0,0,0,0,0,0,0,0,0,0,0,0
226,The Graham Norton Show,80660,BBC,8,0,0,0,0,0.5,0,0,0,0,0,0,0,0,0,0,0,0,0,0,0,0,0,0,0,0.5,0,0,0
227,Ugly Betty,79352,ABC (US),7,0,0,0,0,0.5,0,0,0.5,0,0,0,0,0,0,0,0,0,0,0,0,0,0,0,0,0,0,0,0
228,Eastwick,95291,ABC (US),7,0,0,0,0,0,0,0,0.5,0,0.5,0,0,0,0,0,0,0,0,0,0,0,0,0,0,0,0,0,0
229,CSI: Miami,78310,CBS,7,0.333333333,0,0,0,0,0.333333333,0,0.333333333,0,0,0,0,0,0,0,0,0,0,0,0,0,0,0,0,0,0,0,0
230,Boston Legal,74058,ABC (US),9,0,0,0,0,0.5,0,0,0.5,0,0,0,0,0,0,0,0,0,0,0,0,0,0,0,0,0,0,0,0
231,Curb Your Enthusiasm,76203,HBO,9,0,0,0,0,1,0,0,0,0,0,0,0,0,0,0,0,0,0,0,0,0,0,0,0,0,0,0,0
232,Sense8,268156,Netflix,9,0,0,0,0,0,0,0,0.5,0,0,0,0,0,0,0,0,0,0,0,0.5,0,0,0,0,0,0,0,0
233,The Night Of,310516,HBO,9,0,0,0,0,0,0,0,0.5,0,0,0,0,0,0,0.5,0,0,0,0,0,0,0,0,0,0,0,0,0
234,Touch (2012),248935,FOX,9,0,0,0,0,0,0,0,0.333333333,0,0,0,0,0,0,0,0.333333333,0,0,0,0.333333333,0,0,0,0,0,0,0,0
235,Six Feet Under,75450,HBO,9,0,0,0,0,0,0,0,1,0,0,0,0,0,0,0,0,0,0,0,0,0,0,0,0,0,0,0,0
236,Under the Dome,264492,CBS,8,0,0,0,0,0,0,0,0.25,0,0,0,0,0,0.25,0,0.25,0,0,0,0.25,0,0,0,0,0,0,0,0
237,The Academy Awards,85269,ABC (US),7,0,0,0,0,0,0,0,0,0,0,0,0,0,0,0,0,0,0,0,0,0,1,0,0,0,0,0,0
238,Call Me Fitz,191101,HBO,7,0,0,0,0,1,0,0,0,0,0,0,0,0,0,0,0,0,0,0,0,0,0,0,0,0,0,0,0
239,Death in Paradise,252800,BBC,8,0,0.25,0,0,0,0.25,0,0.25,0,0,0,0,0,0,0,0.25,0,0,0,0,0,0,0,0,0,0,0,0
240,Terra Nova,164091,FOX,8,0.25,0.25,0,0,0,0,0,0,0,0.25,0,0,0,0,0,0,0,0,0,0.25,0,0,0,0,0,0,0,0
241,Samantha Who?,80680,ABC (US),7,0,0,0,0,1,0,0,0,0,0,0,0,0,0,0,0,0,0,0,0,0,0,0,0,0,0,0,0
242,The Practice,73226,ABC (US),8,0,0,0,0,0,0,0,1,0,0,0,0,0,0,0,0,0,0,0,0,0,0,0,0,0,0,0,0
243,In Plain Sight,82155,USA Network,8,0.333333333,0.333333333,0,0,0,0,0,0.333333333,0,0,0,0,0,0,0,0,0,0,0,0,0,0,0,0,0,0,0,0
244,Three's Company,77505,ABC (US),8,0,0,0,0,1,0,0,0,0,0,0,0,0,0,0,0,0,0,0,0,0,0,0,0,0,0,0,0
245,The Ultimate Fighter,75382,FOX,8,0,0,0,0,0,0,0,0,0,0,0,0,0,0,0,0,0,0.5,0,0,0,0,0.5,0,0,0,0,0
246,Parenthood (2010),94551,NBC,8,0,0,0,0,0,0,0,1,0,0,0,0,0,0,0,0,0,0,0,0,0,0,0,0,0,0,0,0
247,Narcos,282670,Netflix,9,0.5,0,0,0,0,0,0,0.5,0,0,0,0,0,0,0,0,0,0,0,0,0,0,0,0,0,0,0,0
248,Olive Kitteridge,276842,HBO,9,0,0,0,0,0,0,0,0.5,0,0,0,0,0,0,0.5,0,0,0,0,0,0,0,0,0,0,0,0,0
249,Aladdin,73981,CBS,9,0,0,0.5,0.5,0,0,0,0,0,0,0,0,0,0,0,0,0,0,0,0,0,0,0,0,0,0,0,0
250,Frasier,77811,NBC,9,0,0,0,0,1,0,0,0,0,0,0,0,0,0,0,0,0,0,0,0,0,0,0,0,0,0,0,0
251,The King of Queens,73641,CBS,9,0,0,0,0,1,0,0,0,0,0,0,0,0,0,0,0,0,0,0,0,0,0,0,0,0,0,0,0
252,Worst Week,82895,CBS,9,0,0,0,0,1,0,0,0,0,0,0,0,0,0,0,0,0,0,0,0,0,0,0,0,0,0,0,0
253,The Pretender,70704,NBC,9,0.2,0.2,0,0,0,0,0,0.2,0,0,0,0,0,0,0,0.2,0,0,0,0.2,0,0,0,0,0,0,0,0
254,The Sopranos,75299,HBO,9,0,0,0,0,0,0.5,0,0.5,0,0,0,0,0,0,0,0,0,0,0,0,0,0,0,0,0,0,0,0
255,The Muppet Show,72476,CBS,9,0,0,0,0.5,0.5,0,0,0,0,0,0,0,0,0,0,0,0,0,0,0,0,0,0,0,0,0,0,0
256,Victorian Farm,84484,BBC,7,0,0,0,0,0,0,0.5,0,0,0,0,0,0,0,0,0,0,0.5,0,0,0,0,0,0,0,0,0,0
257,The Great British Sewing Bee,268356,BBC,7,0,0,0,0,0,0,0,0,0,0,0,0,1,0,0,0,0,0,0,0,0,0,0,0,0,0,0,0
258,Airwolf,73200,CBS,7,0.5,0.5,0,0,0,0,0,0,0,0,0,0,0,0,0,0,0,0,0,0,0,0,0,0,0,0,0,0
259,Journeyman,80494,NBC,7,0,0,0,0,0,0,0,0,0,0.333333333,0,0,0,0,0,0,0,0,0.333333333,0.333333333,0,0,0,0,0,0,0,0
260,3rd Rock from the Sun,72389,NBC,8,0,0,0,0,0.5,0,0,0,0,0,0,0,0,0,0,0,0,0,0,0.5,0,0,0,0,0,0,0,0
261,Aquarius (2015),281537,NBC,8,0,0,0,0,0,0.5,0,0.5,0,0,0,0,0,0,0,0,0,0,0,0,0,0,0,0,0,0,0,0
262,Suburgatory,248842,ABC (US),8,0,0,0,0,1,0,0,0,0,0,0,0,0,0,0,0,0,0,0,0,0,0,0,0,0,0,0,0
263,Dirty Sexy Money,80593,ABC (US),8,0,0,0,0,0.5,0,0,0.5,0,0,0,0,0,0,0,0,0,0,0,0,0,0,0,0,0,0,0,0
264,American Crime,281613,ABC (US),8,0,0,0,0,0,0,0,0.5,0,0,0,0,0,0,0.5,0,0,0,0,0,0,0,0,0,0,0,0,0
265,Kings,84068,NBC,8,0,0,0,0,0,0,0,0.5,0,0,0,0,0,0,0,0,0,0,0,0.5,0,0,0,0,0,0,0,0
266,Malcolm in the Middle,73838,FOX,8,0,0,0,0,1,0,0,0,0,0,0,0,0,0,0,0,0,0,0,0,0,0,0,0,0,0,0,0
267,Battlestar Galactica,71173,ABC (US),8,0,0,0,0,0,0,0,0,0,0,0,0,0,0,0,0,0,0,0,1,0,0,0,0,0,0,0,0
268,Ally McBeal,72116,FOX,8,0,0,0,0,0.5,0,0,0.5,0,0,0,0,0,0,0,0,0,0,0,0,0,0,0,0,0,0,0,0
269,Tyrant,268094,FX,8,0,0,0,0,0,0,0,1,0,0,0,0,0,0,0,0,0,0,0,0,0,0,0,0,0,0,0,0
270,Galavant,281619,ABC (US),8,0,0,0,0,0.5,0,0,0,0,0.5,0,0,0,0,0,0,0,0,0,0,0,0,0,0,0,0,0,0
271,The Dead Zone,77955,USA Network,8,0,0,0,0,0,0,0,0.5,0,0.5,0,0,0,0,0,0,0,0,0,0,0,0,0,0,0,0,0,0
272,Empire (2015),281617,FOX,8,0,0,0,0,0,0,0,0.5,0.5,0,0,0,0,0,0,0,0,0,0,0,0,0,0,0,0,0,0,0
273,Almost Human,267702,FOX,8,0.25,0,0,0,0,0.25,0,0.25,0,0,0,0,0,0,0,0,0,0,0,0.25,0,0,0,0,0,0,0,0
274,'Til Death,79384,FOX,8,0,0,0,0,1,0,0,0,0,0,0,0,0,0,0,0,0,0,0,0,0,0,0,0,0,0,0,0
275,Big Love,74156,HBO,8,0,0,0,0,0,0,0,1,0,0,0,0,0,0,0,0,0,0,0,0,0,0,0,0,0,0,0,0
276,Happy Town,95041,ABC (US),8,0,0,0,0,0,0,0,0.333333333,0,0,0,0,0,0,0,0.333333333,0,0,0,0,0,0,0,0,0,0.333333333,0,0
277,Baywatch,70874,NBC,8,0.333333333,0.333333333,0,0,0,0,0,0.333333333,0,0,0,0,0,0,0,0,0,0,0,0,0,0,0,0,0,0,0,0
278,Longmire,253491,Netflix,8,0,0,0,0,0,0,0,0.5,0,0,0,0,0,0,0,0,0,0,0,0,0,0,0,0,0,0,0,0.5
279,Jericho (2006),79330,CBS,8,0.25,0.25,0,0,0,0,0,0.25,0,0,0,0,0,0,0,0.25,0,0,0,0,0,0,0,0,0,0,0,0
280,Rules of Engagement,79842,CBS,8,0,0,0,0,1,0,0,0,0,0,0,0,0,0,0,0,0,0,0,0,0,0,0,0,0,0,0,0
281,Flight of the Conchords,80252,HBO,8,0,0,0,0,1,0,0,0,0,0,0,0,0,0,0,0,0,0,0,0,0,0,0,0,0,0,0,0
282,Veep,237831,HBO,8,0,0,0,0,1,0,0,0,0,0,0,0,0,0,0,0,0,0,0,0,0,0,0,0,0,0,0,0
283,Foo Fighters: Sonic Highways,285877,HBO,10,0,0,0,0,0,0,0.5,0,0,0,0,0,0,0,0,0,0,0.5,0,0,0,0,0,0,0,0,0,0
284,Rome,73508,HBO,9,0.333333333,0.333333333,0,0,0,0,0,0.333333333,0,0,0,0,0,0,0,0,0,0,0,0,0,0,0,0,0,0,0,0
285,The Ricky Gervais Show,142581,HBO,9,0,0,0.5,0,0.5,0,0,0,0,0,0,0,0,0,0,0,0,0,0,0,0,0,0,0,0,0,0,0
286,Wonderfalls,78845,FOX,9,0,0,0,0,0.5,0,0,0.5,0,0,0,0,0,0,0,0,0,0,0,0,0,0,0,0,0,0,0,0
287,Dallas,77092,CBS,9,0,0,0,0,0,0,0,1,0,0,0,0,0,0,0,0,0,0,0,0,0,0,0,0,0,0,0,0
288,Surviving Jack,269587,FOX,9,0,0,0,0,1,0,0,0,0,0,0,0,0,0,0,0,0,0,0,0,0,0,0,0,0,0,0,0
289,Generation Kill,82109,HBO,9,0.25,0.25,0,0,0,0,0,0.25,0,0,0,0,0,0,0.25,0,0,0,0,0,0,0,0,0,0,0,0,0
290,O Negocio,272420,HBO,9,0,0,0,0,0,0,0,1,0,0,0,0,0,0,0,0,0,0,0,0,0,0,0,0,0,0,0,0
291,Master of None,298901,Netflix,7,0,0,0,0,1,0,0,0,0,0,0,0,0,0,0,0,0,0,0,0,0,0,0,0,0,0,0,0
292,Body of Proof,167591,ABC (US),7,0,0,0,0,0,0.5,0,0.5,0,0,0,0,0,0,0,0,0,0,0,0,0,0,0,0,0,0,0,0
293,The Biggest Loser,75166,NBC,7,0,0,0,0,0,0,0,0,0,0,0,0.5,0,0,0,0,0,0.5,0,0,0,0,0,0,0,0,0,0
294,The 4400,73507,USA Network,8,0,0,0,0,0,0,0,0.5,0,0,0,0,0,0,0,0,0,0,0,0.5,0,0,0,0,0,0,0,0
295,Looking,274337,HBO,8,0,0,0,0,0.333333333,0,0,0.333333333,0,0,0,0,0,0,0,0,0,0,0.333333333,0,0,0,0,0,0,0,0,0
296,Revolution,258823,NBC,8,0.25,0.25,0,0,0,0,0,0.25,0,0,0,0,0,0,0,0,0,0,0,0.25,0,0,0,0,0,0,0,0
297,Into the Badlands,289079,AMC,8,0.5,0,0,0,0,0,0,0.5,0,0,0,0,0,0,0,0,0,0,0,0,0,0,0,0,0,0,0,0
298,Crossing Jordan,74922,NBC,8,0,0,0,0,0,0.333333333,0,0.333333333,0,0,0,0,0,0,0,0.333333333,0,0,0,0,0,0,0,0,0,0,0,0
299,Hell's Kitchen (US),74897,FOX,8,0,0,0,0,0,0,0,0,0,0,0.333333333,0.333333333,0,0,0,0,0,0.333333333,0,0,0,0,0,0,0,0,0,0
300,Bored to Death,104641,HBO,8,0,0,0,0,0.5,0.5,0,0,0,0,0,0,0,0,0,0,0,0,0,0,0,0,0,0,0,0,0,0
301,According to Jim,75926,ABC (US),8,0,0,0,0,1,0,0,0,0,0,0,0,0,0,0,0,0,0,0,0,0,0,0,0,0,0,0,0
302,21 Jump Street,77585,FOX,7,0.333333333,0.333333333,0,0,0,0,0,0.333333333,0,0,0,0,0,0,0,0,0,0,0,0,0,0,0,0,0,0,0,0
303,The Crazy Ones,269643,CBS,7,0,0,0,0,1,0,0,0,0,0,0,0,0,0,0,0,0,0,0,0,0,0,0,0,0,0,0,0
304,The Cleveland Show,93991,FOX,7,0,0,0.5,0,0.5,0,0,0,0,0,0,0,0,0,0,0,0,0,0,0,0,0,0,0,0,0,0,0
305,The Last Man on Earth,281622,FOX,7,0,0,0,0,0.5,0,0,0.5,0,0,0,0,0,0,0,0,0,0,0,0,0,0,0,0,0,0,0,0
306,The Andy Griffith Show,77754,CBS,9,0,0,0,0,1,0,0,0,0,0,0,0,0,0,0,0,0,0,0,0,0,0,0,0,0,0,0,0
307,The Late Late Show with Craig Ferguson,73387,CBS,9,0,0,0,0,0.5,0,0,0,0,0,0,0,0,0,0,0,0,0,0,0,0,0,0,0,0.5,0,0,0
308,The Get Down,300886,Netflix,10,0,0,0,0,0,0,0,1,0,0,0,0,0,0,0,0,0,0,0,0,0,0,0,0,0,0,0,0
309,Animals.,303586,HBO,6,0,0,0.5,0,0.5,0,0,0,0,0,0,0,0,0,0,0,0,0,0,0,0,0,0,0,0,0,0,0
310,Fuller House,301236,Netflix,10,0,0,0,0,0.5,0,0,0,0.5,0,0,0,0,0,0,0,0,0,0,0,0,0,0,0,0,0,0,0
311,Stranger Things,305288,Netflix,9,0,0,0,0,0,0,0,0.2,0,0,0,0,0,0.2,0,0.2,0,0,0,0.2,0,0,0,0.2,0,0,0,0
312,Last Week Tonight with John Oliver,278518,HBO,9,0,0,0,0,0.25,0,0.25,0,0,0,0,0,0,0,0,0,0.25,0,0,0,0,0,0,0,0.25,0,0,0
313,CarnivÃ le,70860,HBO,9,0,0,0,0,0,0,0,0.5,0,0.5,0,0,0,0,0,0,0,0,0,0,0,0,0,0,0,0,0,0
314,Complications,281256,USA Network,8,0,0,0,0,0,0,0,0.5,0,0,0,0,0,0,0,0,0,0,0,0,0,0,0,0,0,0.5,0,0
315,Unbreakable Kimmy Schmidt,281593,Netflix,8,0,0,0,0,1,0,0,0,0,0,0,0,0,0,0,0,0,0,0,0,0,0,0,0,0,0,0,0
316,Halt and Catch Fire,271910,AMC,8,0,0,0,0,0,0,0,1,0,0,0,0,0,0,0,0,0,0,0,0,0,0,0,0,0,0,0,0
317,V,76354,NBC,8,0,0,0,0,0,0,0,0.5,0,0,0,0,0,0,0,0,0,0,0,0.5,0,0,0,0,0,0,0,0
318,ALF,78020,NBC,8,0,0,0,0,1,0,0,0,0,0,0,0,0,0,0,0,0,0,0,0,0,0,0,0,0,0,0,0
319,Remington Steele,78189,NBC,8,0,0,0,0,0,0,0,1,0,0,0,0,0,0,0,0,0,0,0,0,0,0,0,0,0,0,0,0
320,Surface,78906,NBC,8,0,0,0,0,0,0,0,0,0,0,0,0,0,0,0,0,0,0,0,1,0,0,0,0,0,0,0,0
321,In Treatment,81248,HBO,8,0,0,0,0,0,0,0,1,0,0,0,0,0,0,0,0,0,0,0,0,0,0,0,0,0,0,0,0
322,The Wild Wild West,71637,CBS,8,0.5,0.5,0,0,0,0,0,0,0,0,0,0,0,0,0,0,0,0,0,0,0,0,0,0,0,0,0,0
323,Early Edition,74295,CBS,8,0,0,0,0,0,0,0,0.5,0,0,0,0,0,0,0,0,0,0,0,0.5,0,0,0,0,0,0,0,0
324,Alcatraz,248646,FOX,8,0.25,0,0,0,0,0.25,0,0.25,0,0,0,0,0,0,0,0,0,0,0,0.25,0,0,0,0,0,0,0,0
325,Scream Queens (2015),293302,FOX,8,0,0,0,0,0.25,0,0,0.25,0,0,0,0,0,0.25,0,0,0,0,0,0,0,0,0,0,0,0.25,0,0
326,Royal Pains,92411,USA Network,8,0,0,0,0,0.5,0,0,0.5,0,0,0,0,0,0,0,0,0,0,0,0,0,0,0,0,0,0,0,0
327,Party of Five,72632,FOX,7,0,0,0,0,0,0,0,1,0,0,0,0,0,0,0,0,0,0,0,0,0,0,0,0,0,0,0,0
328,Breaking In,206751,FOX,7,0.333333333,0,0,0,0.333333333,0.333333333,0,0,0,0,0,0,0,0,0,0,0,0,0,0,0,0,0,0,0,0,0,0
329,Crossbones,259030,NBC,7,0,0.5,0,0,0,0,0,0.5,0,0,0,0,0,0,0,0,0,0,0,0,0,0,0,0,0,0,0,0
330,Lipstick Jungle,80392,NBC,7,0,0,0,0,0.5,0,0,0.5,0,0,0,0,0,0,0,0,0,0,0,0,0,0,0,0,0,0,0,0
331,JAG,73710,CBS,9,0,0,0,0,0,0,0,1,0,0,0,0,0,0,0,0,0,0,0,0,0,0,0,0,0,0,0,0
332,The Newsroom (2012),256227,HBO,9,0,0,0,0,0,0,0,1,0,0,0,0,0,0,0,0,0,0,0,0,0,0,0,0,0,0,0,0
333,Making a Murderer,303210,Netflix,9,0,0,0,0,0,0.5,0.5,0,0,0,0,0,0,0,0,0,0,0,0,0,0,0,0,0,0,0,0,0
334,The Adventures of Puss in Boots,290174,Netflix,9,0,0,1,0,0,0,0,0,0,0,0,0,0,0,0,0,0,0,0,0,0,0,0,0,0,0,0,0
335,Black Mirror,253463,Netflix,9,0,0,0,0,0,0,0,0.333333333,0,0.333333333,0,0,0,0,0,0,0,0,0,0.333333333,0,0,0,0,0,0,0,0
336,Gunsmoke,73559,CBS,9,0.333333333,0.333333333,0,0,0,0,0,0,0,0,0,0,0,0,0,0,0,0,0,0,0,0,0,0,0,0,0,0.333333333
337,Martial Law,71240,CBS,8,0.333333333,0.333333333,0,0,0.333333333,0,0,0,0,0,0,0,0,0,0,0,0,0,0,0,0,0,0,0,0,0,0,0
338,The Emmy Awards,115021,ABC (US),5,0,0,0,0,0,0,0,0,0,0,0,0,0,0,0,0,0,0,0,0,0,1,0,0,0,0,0,0
339,Threshold,75600,CBS,8,0.333333333,0,0,0,0,0,0,0.333333333,0,0,0,0,0,0,0,0,0,0,0,0.333333333,0,0,0,0,0,0,0,0
340,Hard Knocks (2001),82402,HBO,10,0,0,0,0,0,0,0.5,0,0,0,0,0,0,0,0,0,0,0,0,0,0,0,0.5,0,0,0,0,0
341,Scorpion,281630,CBS,8,0.333333333,0,0,0,0,0.333333333,0,0.333333333,0,0,0,0,0,0,0,0,0,0,0,0,0,0,0,0,0,0,0,0
342,Hung,82091,HBO,8,0,0,0,0,0.5,0,0,0.5,0,0,0,0,0,0,0,0,0,0,0,0,0,0,0,0,0,0,0,0
343,The Riches,79876,FX,8,0,0,0,0,0,0,0,1,0,0,0,0,0,0,0,0,0,0,0,0,0,0,0,0,0,0,0,0
344,The Bridge (2013),264085,FX,8,0,0,0,0,0,0.5,0,0.5,0,0,0,0,0,0,0,0,0,0,0,0,0,0,0,0,0,0,0,0
345,The Bachelorette,71187,ABC (US),6,0,0,0,0,0,0,0,0,0,0,0,0,0,0,0,0,0,1,0,0,0,0,0,0,0,0,0,0
346,The Cape (2011),160671,NBC,7,0.5,0,0,0,0,0,0,0.5,0,0,0,0,0,0,0,0,0,0,0,0,0,0,0,0,0,0,0,0
347,Bloodline,287314,Netflix,7,0,0,0,0,0,0,0,0.333333333,0,0,0,0,0,0,0,0.333333333,0,0,0,0,0,0,0,0,0,0.333333333,0,0
348,Graceland,260338,USA Network,7,0.333333333,0,0,0,0,0.333333333,0,0.333333333,0,0,0,0,0,0,0,0,0,0,0,0,0,0,0,0,0,0,0,0
349,"Magnum, P.I.",74380,CBS,8,0.333333333,0.333333333,0,0,0,0,0,0.333333333,0,0,0,0,0,0,0,0,0,0,0,0,0,0,0,0,0,0,0,0
350,The New Adventures of Old Christine,75756,CBS,8,0,0,0,0,1,0,0,0,0,0,0,0,0,0,0,0,0,0,0,0,0,0,0,0,0,0,0,0
351,Playing House,269898,USA Network,6,0,0,0,0,1,0,0,0,0,0,0,0,0,0,0,0,0,0,0,0,0,0,0,0,0,0,0,0
352,Married,280756,FX,8,0,0,0,0,1,0,0,0,0,0,0,0,0,0,0,0,0,0,0,0,0,0,0,0,0,0,0,0
353,Feed The Beast,305722,AMC,8,0,0,0,0,0,0,0,1,0,0,0,0,0,0,0,0,0,0,0,0,0,0,0,0,0,0,0,0
354,Oz,70682,HBO,9,0,0,0,0,0,0,0,1,0,0,0,0,0,0,0,0,0,0,0,0,0,0,0,0,0,0,0,0
355,Comic Book Men,254990,AMC,8,0,0,0,0,0,0,0,0,0,0,0,0,0,0,0,0,0,1,0,0,0,0,0,0,0,0,0,0
356,Little Britain USA,83232,HBO,8,0,0,0,0,1,0,0,0,0,0,0,0,0,0,0,0,0,0,0,0,0,0,0,0,0,0,0,0
357,Hello Ladies,265609,HBO,8,0,0,0,0,1,0,0,0,0,0,0,0,0,0,0,0,0,0,0,0,0,0,0,0,0,0,0,0
358,Doctor Horrible's Sing-Along Blog,82507,Netflix,9,0,0,0,0,0.333333333,0,0,0,0,0,0,0,0,0,0.333333333,0,0,0,0,0.333333333,0,0,0,0,0,0,0,0
359,Dawn of The Croods,301614,Netflix,10,0,0.2,0.2,0.2,0.2,0,0,0,0.2,0,0,0,0,0,0,0,0,0,0,0,0,0,0,0,0,0,0,0
360,Lovesick,286126,Netflix,10,0,0,0,0,1,0,0,0,0,0,0,0,0,0,0,0,0,0,0,0,0,0,0,0,0,0,0,0
361,Lost in Space,72923,CBS,7,0,0.25,0,0,0.25,0,0,0,0.25,0,0,0,0,0,0,0,0,0,0,0.25,0,0,0,0,0,0,0,0
362,Mom,266967,CBS,7,0,0,0,0,0.5,0,0,0.5,0,0,0,0,0,0,0,0,0,0,0,0,0,0,0,0,0,0,0,0
363,Anger Management,253350,FX,7,0,0,0,0,1,0,0,0,0,0,0,0,0,0,0,0,0,0,0,0,0,0,0,0,0,0,0,0
364,Queen of the South,306719,USA Network,10,0.333333333,0,0,0,0,0,0,0.333333333,0,0,0,0,0,0,0,0,0,0,0,0,0,0,0,0,0,0.333333333,0,0
365,Cooper Barrett's Guide To Surviving Life,295686,FOX,6,0,0,0,0,1,0,0,0,0,0,0,0,0,0,0,0,0,0,0,0,0,0,0,0,0,0,0,0
366,Eastbound & Down,82467,HBO,8,0,0,0,0,1,0,0,0,0,0,0,0,0,0,0,0,0,0,0,0,0,0,0,0,0,0,0,0
367,Fairly Legal,175011,USA Network,8,0,0,0,0,0.5,0,0,0.5,0,0,0,0,0,0,0,0,0,0,0,0,0,0,0,0,0,0,0,0
368,DIG,275278,USA Network,8,0.333333333,0.333333333,0,0,0,0,0,0.333333333,0,0,0,0,0,0,0,0,0,0,0,0,0,0,0,0,0,0,0,0
369,Baskets,303069,FX,7,0,0,0,0,0.5,0,0,0.5,0,0,0,0,0,0,0,0,0,0,0,0,0,0,0,0,0,0,0,0
370,Sex&Drugs&Rock&Roll,283345,FX,9,0,0,0,0,1,0,0,0,0,0,0,0,0,0,0,0,0,0,0,0,0,0,0,0,0,0,0,0
371,Wet Hot American Summer,294560,Netflix,9,0,0,0,0,1,0,0,0,0,0,0,0,0,0,0,0,0,0,0,0,0,0,0,0,0,0,0,0
372,Axe Cop,268186,FX,7,0.333333333,0,0.333333333,0,0.333333333,0,0,0,0,0,0,0,0,0,0,0,0,0,0,0,0,0,0,0,0,0,0,0
373,Kong: King of the Apes,306857,Netflix,9,0,0.5,0.5,0,0,0,0,0,0,0,0,0,0,0,0,0,0,0,0,0,0,0,0,0,0,0,0,0
374,WWE Monday Night RAW,76779,USA Network,9,0,0,0,0,0,0,0,0.5,0,0,0,0,0,0,0,0,0,0,0,0,0,0,0.5,0,0,0,0,0
375,Rush (2014),280939,USA Network,7,0,0,0,0,0,0,0,1,0,0,0,0,0,0,0,0,0,0,0,0,0,0,0,0,0,0,0,0
376,Vice Principals,308771,HBO,7,0,0,0,0,1,0,0,0,0,0,0,0,0,0,0,0,0,0,0,0,0,0,0,0,0,0,0,0
377,The Life & Times of Tim,83130,HBO,9,0,0,0.5,0,0.5,0,0,0,0,0,0,0,0,0,0,0,0,0,0,0,0,0,0,0,0,0,0,0
378,Vinyl,299400,HBO,9,0,0,0,0,0,0,0,1,0,0,0,0,0,0,0,0,0,0,0,0,0,0,0,0,0,0,0,0
379,Silicon Valley,277165,HBO,9,0,0,0,0,1,0,0,0,0,0,0,0,0,0,0,0,0,0,0,0,0,0,0,0,0,0,0,0
380,John Adams,81547,HBO,9,0,0,0,0,0,0,0,0.5,0,0,0,0,0,0,0.5,0,0,0,0,0,0,0,0,0,0,0,0,0
381,Dinotrux,299414,Netflix,10,0,0,0.5,0.5,0,0,0,0,0,0,0,0,0,0,0,0,0,0,0,0,0,0,0,0,0,0,0,0
382,Totally Biased with W. Kamau Bell,260797,FX,10,0,0,0,0,1,0,0,0,0,0,0,0,0,0,0,0,0,0,0,0,0,0,0,0,0,0,0,0
383,Donny!,300148,USA Network,8,0,0,0,0,1,0,0,0,0,0,0,0,0,0,0,0,0,0,0,0,0,0,0,0,0,0,0,0
384,Rubicon,158411,AMC,8,0,0,0,0,0,0,0,0.5,0,0,0,0,0,0,0,0,0,0,0,0,0,0,0,0,0,0.5,0,0
385,Taken,78224,USA Network,8,0,0,0,0,0,0,0,0,0,0,0,0,0,0,0.5,0,0,0,0,0.5,0,0,0,0,0,0,0,0
386,Satisfaction (2014),280937,USA Network,7,0,0,0,0,0,0,0,1,0,0,0,0,0,0,0,0,0,0,0,0,0,0,0,0,0,0,0,0
387,Renegade,72348,USA Network,7,0.5,0,0,0,0,0.5,0,0,0,0,0,0,0,0,0,0,0,0,0,0,0,0,0,0,0,0,0,0
388,Magnifica 70,295971,HBO,8,0,0,0,0,0,0,0,1,0,0,0,0,0,0,0,0,0,0,0,0,0,0,0,0,0,0,0,0
389,Getting On (US),270735,HBO,6,0,0,0,0,0.5,0,0,0.5,0,0,0,0,0,0,0,0,0,0,0,0,0,0,0,0,0,0,0,0
390,The Mr. Peabody and Sherman Show,301314,Netflix,10,0,0,0.5,0.5,0,0,0,0,0,0,0,0,0,0,0,0,0,0,0,0,0,0,0,0,0,0,0,0
391,Netflix Presents: The Characters,306937,Netflix,10,0,0,0,0,1,0,0,0,0,0,0,0,0,0,0,0,0,0,0,0,0,0,0,0,0,0,0,0
392,Dirt,79679,FX,7,0,0,0,0,0,0,0,1,0,0,0,0,0,0,0,0,0,0,0,0,0,0,0,0,0,0,0,0
393,Man Seeking Woman,283346,FX,7,0,0,0,0,0.333333333,0,0,0,0,0.333333333,0,0,0,0,0,0,0,0,0.333333333,0,0,0,0,0,0,0,0,0
394,Sirens (2014),269897,USA Network,7,0,0,0,0,1,0,0,0,0,0,0,0,0,0,0,0,0,0,0,0,0,0,0,0,0,0,0,0
395,F is for Family,287299,Netflix,7,0,0,0.5,0,0.5,0,0,0,0,0,0,0,0,0,0,0,0,0,0,0,0,0,0,0,0,0,0,0
396,Low Winter Sun (2013),267206,AMC,7,0,0,0,0,0,0.333333333,0,0.333333333,0,0,0,0,0,0,0,0,0,0,0,0,0,0,0,0,0,0.333333333,0,0
397,Colony,284210,USA Network,8,0,0,0,0,0,0,0,0.5,0,0,0,0,0,0,0,0,0,0,0,0.5,0,0,0,0,0,0,0,0
398,Flaked,306249,Netflix,6,0,0,0,0,1,0,0,0,0,0,0,0,0,0,0,0,0,0,0,0,0,0,0,0,0,0,0,0
399,Chelsea Does...,304109,Netflix,8,0,0,0,0,0.25,0,0.25,0,0,0,0,0,0,0,0.25,0,0,0.25,0,0,0,0,0,0,0,0,0,0
400,The Ranch (2016),305165,Netflix,8,0,0,0,0,1,0,0,0,0,0,0,0,0,0,0,0,0,0,0,0,0,0,0,0,0,0,0,0
401,Common Law (2012),253982,USA Network,8,0,0,0,0,0.333333333,0.333333333,0,0.333333333,0,0,0,0,0,0,0,0,0,0,0,0,0,0,0,0,0,0,0,0
402,Inspector Gadget (2015),290688,Netflix,8,0,0,0.5,0,0,0,0,0,0.5,0,0,0,0,0,0,0,0,0,0,0,0,0,0,0,0,0,0,0
403,Lucky Louie,79326,HBO,8,0,0,0,0,1,0,0,0,0,0,0,0,0,0,0,0,0,0,0,0,0,0,0,0,0,0,0,0
404,Sesame Street,78419,HBO,8,0,0,0,0.5,0,0,0,0,0.5,0,0,0,0,0,0,0,0,0,0,0,0,0,0,0,0,0,0,0
405,Voltron: Legendary Defender,307899,Netflix,8,0.2,0,0.2,0.2,0,0,0,0,0.2,0,0,0,0,0,0,0,0,0,0,0.2,0,0,0,0,0,0,0,0
406,Lights Out (2011),194051,FX,8,0.333333333,0.333333333,0,0,0,0,0,0.333333333,0,0,0,0,0,0,0,0,0,0,0,0,0,0,0,0,0,0,0,0
407,Unsupervised,254561,FX,9,0,0,0.5,0,0.5,0,0,0,0,0,0,0,0,0,0,0,0,0,0,0,0,0,0,0,0,0,0,0
408,Mystery Science Theater 3000,74806,Netflix,9,0,0,0,0,1,0,0,0,0,0,0,0,0,0,0,0,0,0,0,0,0,0,0,0,0,0,0,0
409,Cooked,307176,Netflix,9,0,0,0,0,0,0,1,0,0,0,0,0,0,0,0,0,0,0,0,0,0,0,0,0,0,0,0,0
410,Marseille,299825,Netflix,5,0,0,0,0,0,0,0,0.5,0,0,0,0,0,0,0,0,0,0,0,0,0,0,0,0,0,0.5,0,0
411,Terriers,180791,FX,9,0,0,0,0,0,0,0,1,0,0,0,0,0,0,0,0,0,0,0,0,0,0,0,0,0,0,0,0
412,The Comeback,75383,HBO,6,0,0,0,0,1,0,0,0,0,0,0,0,0,0,0,0,0,0,0,0,0,0,0,0,0,0,0,0
413,Benched,277730,USA Network,6,0,0,0,0,1,0,0,0,0,0,0,0,0,0,0,0,0,0,0,0,0,0,0,0,0,0,0,0
414,Duckman,72056,USA Network,7,0,0,0.5,0,0.5,0,0,0,0,0,0,0,0,0,0,0,0,0,0,0,0,0,0,0,0,0,0,0
415,Word Party,315008,Netflix,8,0,0,0.5,0.5,0,0,0,0,0,0,0,0,0,0,0,0,0,0,0,0,0,0,0,0,0,0,0,0
416,Political Animals,258604,USA Network,8,0,0,0,0,0,0,0,0.5,0,0,0,0,0,0,0.5,0,0,0,0,0,0,0,0,0,0,0,0,0
417,Legit (2013),264450,FX,8,0,0,0,0,1,0,0,0,0,0,0,0,0,0,0,0,0,0,0,0,0,0,0,0,0,0,0,0
418,4th And Loud,284259,AMC,6,0,0,0,0,0,0,0,0,0,0,0,0,0,0,0,0,0,1,0,0,0,0,0,0,0,0,0,0
419,Touching Evil,73806,USA Network,9,0,0,0,0,0,0,0,1,0,0,0,0,0,0,0,0,0,0,0,0,0,0,0,0,0,0,0,0
420,Turbo FAST,268855,Netflix,7,0,0,0.5,0.5,0,0,0,0,0,0,0,0,0,0,0,0,0,0,0,0,0,0,0,0,0,0,0,0
421,The Comedians (2015),290176,FX,7,0,0,0,0,1,0,0,0,0,0,0,0,0,0,0,0,0,0,0,0,0,0,0,0,0,0,0,0
422,The Prisoner (2009),85242,AMC,8,0,0,0,0,0,0,0,0.25,0,0.25,0,0,0,0,0.25,0,0,0,0,0.25,0,0,0,0,0,0,0,0
423,Over There,72045,FX,8,0,0,0,0,0,0,0,0.5,0,0,0,0,0,0,0.5,0,0,0,0,0,0,0,0,0,0,0,0,0
424,Jem,78306,USA Network,8,0,0,1,0,0,0,0,0,0,0,0,0,0,0,0,0,0,0,0,0,0,0,0,0,0,0,0,0
425,Talking Dead,252861,AMC,8,0,0,0,0,0,0,0,0,0,0,0,0,0,0,0,0,0,0,0,0,0,0.5,0,0,0.5,0,0,0
426,The Bastard Executioner,279227,FX,8,0,0,0,0,0,0,0,1,0,0,0,0,0,0,0,0,0,0,0,0,0,0,0,0,0,0,0,0
427,The Ultimate Fighter Australia vs. UK - The Smashes,262307,FX,10,0,0,0,0,0,0,0,0,0,0,0,0,0,0,0,0,0,0.5,0,0,0,0,0.5,0,0,0,0,0
428,30 Days,78818,FX,7,0,0,0,0,0,0,0.5,0,0,0,0,0,0,0,0,0,0,0.5,0,0,0,0,0,0,0,0,0,0
429,The Making of The Mob,294781,AMC,7,0,0,0,0,0,0.25,0.25,0.25,0,0,0,0,0,0,0.25,0,0,0,0,0,0,0,0,0,0,0,0,0
430,Ali G: Rezurection,278596,FX,7,0,0,0,0,0.5,0,0,0,0,0,0,0,0,0,0,0,0,0,0,0,0,0,0,0,0.5,0,0,0
431,Chrisley Knows Best,279228,USA Network,7,0,0,0,0,0.333333333,0,0,0,0.333333333,0,0,0,0,0,0,0,0,0.333333333,0,0,0,0,0,0,0,0,0,0
432,The Starter Wife,80207,USA Network,6,0,0,0,0,0.5,0,0,0.5,0,0,0,0,0,0,0,0,0,0,0,0,0,0,0,0,0,0,0,0
433,Saint George,277844,FX,4,0,0,0,0,1,0,0,0,0,0,0,0,0,0,0,0,0,0,0,0,0,0,0,0,0,0,0,0
434,Partners (2014),281664,FX,6,0,0,0,0,1,0,0,0,0,0,0,0,0,0,0,0,0,0,0,0,0,0,0,0,0,0,0,0
435,The American West,310911,AMC,8,0,0,0,0,0,0,0.333333333,0,0,0,0,0,0,0,0.333333333,0,0,0,0,0,0,0,0,0,0,0,0,0.333333333
436,Lucas Bros. Moving Co.,271632,FX,7,0,0,0.333333333,0,0.333333333,0,0,0,0.333333333,0,0,0,0,0,0,0,0,0,0,0,0,0,0,0,0,0,0,0
437,Wing Commander Academy,76797,USA Network,7,0,0,0.5,0,0,0,0,0,0,0,0,0,0,0,0,0,0,0,0,0.5,0,0,0,0,0,0,0,0
438,Owner's Manual,271341,AMC,7,0,0,0,0,0,0,0,0,0,0,0,0,0,0,0,0,0,1,0,0,0,0,0,0,0,0,0,0
439,Brand X with Russell Brand,259286,FX,5,0,0,0,0,1,0,0,0,0,0,0,0,0,0,0,0,0,0,0,0,0,0,0,0,0,0,0,0
440,The Trivial Pursuits of Arthur Banks,263119,AMC,10,0,0,0,0,0,0,0,0,0,0,0,0,0,0,1,0,0,0,0,0,0,0,0,0,0,0,0,0
441,Swindlers,164531,FX,10,0.5,0.5,0,0,0,0,0,0,0,0,0,0,0,0,0,0,0,0,0,0,0,0,0,0,0,0,0,0
442,Remember WENN,76182,AMC,10,0,0,0,0,0.5,0,0,0.5,0,0,0,0,0,0,0,0,0,0,0,0,0,0,0,0,0,0,0,0
443,Geeking Out,314564,AMC,10,0,0,0,0,0,0,0,0,0,0,0,0,0,0,0,0,0,0,0,0,0,0,0,0,1,0,0,0
444,Politicamente Incorreto,285340,FX,10,0,0,0,0,1,0,0,0,0,0,0,0,0,0,0,0,0,0,0,0,0,0,0,0,0,0,0,0
445,Weird Science,75996,USA Network,9,0,0,0,0,0.333333333,0,0,0,0,0.333333333,0,0,0,0,0,0,0,0,0,0.333333333,0,0,0,0,0,0,0,0
446,Thief,74334,FX,9,0.333333333,0.333333333,0,0,0,0,0,0.333333333,0,0,0,0,0,0,0,0,0,0,0,0,0,0,0,0,0,0,0,0
447,Conan,76396,USA Network,8,0.5,0.5,0,0,0,0,0,0,0,0,0,0,0,0,0,0,0,0,0,0,0,0,0,0,0,0,0,0
448,Shooter,311900,USA Network,8,0.333333333,0,0,0,0,0,0,0,0,0,0,0,0,0,0,0,0,0,0,0,0,0,0,0.333333333,0,0.333333333,0,0
449,The Ray Bradbury Theater,76259,USA Network,8,0,0,0,0,0,0,0,0,0,0,0,0,0,0,0,0,0,0,0,1,0,0,0,0,0,0,0,0
450,Chozen,275126,FX,8,0,0,0.5,0,0.5,0,0,0,0,0,0,0,0,0,0,0,0,0,0,0,0,0,0,0,0,0,0,0
451,Son of the Beach,78853,FX,7,0,0,0,0,1,0,0,0,0,0,0,0,0,0,0,0,0,0,0,0,0,0,0,0,0,0,0,0
452,WWE Tough Enough,76775,USA Network,7,0.333333333,0,0,0,0,0,0,0,0,0,0,0.333333333,0,0,0,0,0,0.333333333,0,0,0,0,0,0,0,0,0,0
453,Small Town Security,259728,AMC,6,0,0,0,0,0,0,0.5,0,0,0,0,0,0,0,0,0,0,0.5,0,0,0,0,0,0,0,0,0,0
454,Tattooed Teenage Alien Fighters from Beverly Hills,70581,USA Network,4,0.333333333,0,0,0.333333333,0,0,0,0,0,0,0,0,0,0,0,0,0,0,0,0.333333333,0,0,0,0,0,0,0,0
455,Talking Bad,272219,AMC,10,0,0,0,0,0,0,0,0,0,0,0,0,0,0,0,0,0,0,0,0,0,0,0,0,1,0,0,0
456,Black. White.,79262,FX,5,0,0,0,0,0,0,0,0,0,0,0,0,0,0,0,0,0,1,0,0,0,0,0,0,0,0,0,0
457,Freakshow,266522,AMC,5,0,0,0,0,0,0,0,0,0,0,0,0,0,0,0,0,0,1,0,0,0,0,0,0,0,0,0,0
458,Ride with Norman Reedus,310633,AMC,10,0,0,0,0,0,0,0.5,0,0,0,0,0,0,0,0,0,0,0.5,0,0,0,0,0,0,0,0,0,0
459,Broken Trail,81129,AMC,8,0.25,0.25,0,0,0,0,0,0.25,0,0,0,0,0,0,0,0,0,0,0,0,0,0,0,0,0,0,0,0.25
460,Game of Arms,278591,AMC,2,0,0,0,0,0,0,0,0,0,0,0,0,0,0,0,0,0,1,0,0,0,0,0,0,0,0,0,0
461,Highlander: The Animated Series,70437,USA Network,4,0.333333333,0.333333333,0.333333333,0,0,0,0,0,0,0,0,0,0,0,0,0,0,0,0,0,0,0,0,0,0,0,0,0
462,Camp WWE,311098,USA Network,1,0,0,0.5,0,0.5,0,0,0,0,0,0,0,0,0,0,0,0,0,0,0,0,0,0,0,0,0,0,0
